contract_id,contract_date
1,2021-04-25
2,2021-05-11
3,2021-12-29
4,2022-03-24
5,2021-09-16
6,2021-11-05
7,2021-09-08
8,2022-02-17
9,2021-09-23
10,2022-01-21
11,2022-04-01
12,2021-09-17
13,2022-01-02
14,2021-06-03
15,2021-06-15
16,2022-01-24
17,2021-12-15
18,2021-08-17
19,2021-05-25
20,2021-12-05
21,2021-11-08
22,2022-01-08
23,2021-05-24
24,2022-03-15
25,2022-04-12
26,2021-12-10
27,2022-03-14
28,2021-11-13
29,2021-06-02
30,2021-09-18
31,2021-05-18
32,2021-07-17
33,2021-11-11
34,2022-01-27
35,2021-04-25
36,2021-12-04
37,2021-09-04
38,2021-10-26
39,2022-01-01
40,2021-09-13
41,2022-02-12
42,2021-05-05
43,2021-11-23
44,2021-10-07
45,2021-05-27
46,2021-11-15
47,2021-11-05
48,2021-09-20
49,2021-08-31
50,2021-06-20
51,2022-02-01
52,2021-06-07
53,2021-08-25
54,2022-01-07
55,2021-10-17
56,2021-12-26
57,2021-12-29
58,2022-02-15
59,2022-02-16
60,2021-10-21
61,2021-11-15
62,2021-10-11
63,2021-06-02
64,2022-01-01
65,2022-02-11
66,2021-06-06
67,2021-05-03
68,2021-10-23
69,2022-02-04
70,2021-11-11
71,2021-08-10
72,2021-04-21
73,2021-08-21
74,2021-07-10
75,2021-06-12
76,2021-06-19
77,2021-12-29
78,2021-12-29
79,2021-08-21
80,2021-08-19
81,2022-01-03
82,2021-08-01
83,2021-09-12
84,2021-09-20
85,2021-11-17
86,2021-10-24
87,2021-10-24
88,2021-06-05
89,2021-09-09
90,2021-06-30
91,2021-05-14
92,2022-03-12
93,2022-03-13
94,2021-11-06
95,2021-08-18
96,2021-10-15
97,2021-06-22
98,2022-04-02
99,2021-04-30
100,2022-01-28
101,2021-12-11
102,2021-12-30
103,2021-08-12
104,2021-08-17
105,2022-04-06
106,2022-03-29
107,2021-05-20
108,2021-05-09
109,2021-08-24
110,2021-08-13
111,2022-01-31
112,2021-11-03
113,2021-06-02
114,2021-06-15
115,2021-09-12
116,2021-10-14
117,2021-08-25
118,2022-03-06
119,2021-07-27
120,2021-10-15
121,2021-04-29
122,2021-07-10
123,2021-05-11
124,2022-01-19
125,2021-05-26
126,2022-01-16
127,2022-01-12
128,2021-11-27
129,2021-12-25
130,2022-03-24
131,2022-02-06
132,2021-11-22
133,2021-08-22
134,2021-11-22
135,2021-05-10
136,2021-06-07
137,2021-12-14
138,2021-05-05
139,2021-11-27
140,2021-09-05
141,2021-06-21
142,2021-08-24
143,2021-06-11
144,2022-04-14
145,2021-08-25
146,2022-04-14
147,2021-11-23
148,2021-06-05
149,2021-08-30
150,2022-04-03
151,2021-08-30
152,2021-09-12
153,2021-05-06
154,2022-03-24
155,2021-07-01
156,2022-01-18
157,2022-04-12
158,2021-10-16
159,2022-03-07
160,2021-05-31
161,2022-03-20
162,2021-08-01
163,2022-02-26
164,2022-02-08
165,2021-11-01
166,2021-10-16
167,2021-10-02
168,2021-10-18
169,2021-05-29
170,2022-02-10
171,2021-08-20
172,2021-08-22
173,2022-03-31
174,2021-05-09
175,2021-06-12
176,2021-12-30
177,2021-08-25
178,2021-12-28
179,2021-12-13
180,2021-06-09
181,2022-04-03
182,2021-05-29
183,2021-09-16
184,2022-01-23
185,2022-04-15
186,2021-11-27
187,2022-03-17
188,2022-03-21
189,2021-04-23
190,2021-08-24
191,2021-08-26
192,2022-03-18
193,2021-08-20
194,2021-08-24
195,2021-11-06
196,2021-04-24
197,2021-04-29
198,2021-12-13
199,2022-01-21
200,2021-06-18
201,2022-04-12
202,2022-03-08
203,2021-07-24
204,2021-11-01
205,2021-06-12
206,2021-07-25
207,2021-08-30
208,2021-10-26
209,2021-06-25
210,2022-03-09
211,2022-01-28
212,2021-09-20
213,2022-02-10
214,2021-06-24
215,2021-11-05
216,2021-04-27
217,2021-04-29
218,2021-05-29
219,2022-01-09
220,2021-10-20
221,2021-11-20
222,2021-08-26
223,2021-11-08
224,2021-05-12
225,2021-08-17
226,2021-09-23
227,2021-06-04
228,2021-08-05
229,2021-11-11
230,2021-10-10
231,2021-06-01
232,2021-07-24
233,2022-02-16
234,2021-09-27
235,2022-01-10
236,2021-11-08
237,2021-12-13
238,2021-08-29
239,2021-08-14
240,2021-08-15
241,2021-04-23
242,2022-01-03
243,2021-09-08
244,2021-05-13
245,2021-09-21
246,2021-09-20
247,2022-02-28
248,2021-06-11
249,2021-08-16
250,2021-12-26
251,2021-10-15
252,2021-05-01
253,2022-04-02
254,2022-02-11
255,2021-09-03
256,2021-10-28
257,2021-12-16
258,2021-08-13
259,2022-01-03
260,2021-04-16
261,2021-10-27
262,2022-03-06
263,2021-11-22
264,2021-08-23
265,2021-06-04
266,2021-04-18
267,2021-12-09
268,2022-01-20
269,2022-01-29
270,2021-07-05
271,2021-08-25
272,2022-04-01
273,2021-04-18
274,2021-12-21
275,2021-04-26
276,2022-01-19
277,2021-09-03
278,2021-07-29
279,2021-05-06
280,2021-12-01
281,2021-04-28
282,2021-08-10
283,2021-11-29
284,2021-06-05
285,2021-07-05
286,2021-09-04
287,2021-06-06
288,2021-09-15
289,2021-11-17
290,2021-05-30
291,2021-12-09
292,2021-08-09
293,2021-10-05
294,2021-06-27
295,2021-12-27
296,2021-08-28
297,2022-02-18
298,2022-03-30
299,2022-02-19
300,2022-01-31
301,2021-11-10
302,2022-01-12
303,2021-06-06
304,2021-10-03
305,2021-10-11
306,2021-06-18
307,2022-01-20
308,2022-01-03
309,2021-12-20
310,2021-09-02
311,2021-11-27
312,2022-03-10
313,2021-04-23
314,2022-02-08
315,2021-07-03
316,2021-05-03
317,2021-10-16
318,2022-01-02
319,2021-12-06
320,2022-03-27
321,2021-10-28
322,2022-02-04
323,2022-01-17
324,2021-10-22
325,2021-12-07
326,2021-07-28
327,2021-11-15
328,2022-02-21
329,2022-01-11
330,2021-07-16
331,2021-07-21
332,2021-10-01
333,2022-01-15
334,2021-11-07
335,2022-01-13
336,2021-09-19
337,2022-02-13
338,2021-04-19
339,2021-05-29
340,2021-05-19
341,2021-12-08
342,2021-07-08
343,2021-09-26
344,2021-09-15
345,2022-01-26
346,2021-10-21
347,2021-06-28
348,2022-01-08
349,2021-10-12
350,2022-04-06
351,2022-02-17
352,2021-06-03
353,2022-02-16
354,2021-09-28
355,2022-04-08
356,2021-05-05
357,2021-07-04
358,2021-11-24
359,2021-08-14
360,2022-01-01
361,2021-12-22
362,2021-10-06
363,2022-01-31
364,2021-05-20
365,2022-02-07
366,2021-11-27
367,2021-07-11
368,2021-09-28
369,2022-04-03
370,2021-12-23
371,2022-04-03
372,2022-02-23
373,2022-02-14
374,2021-12-04
375,2021-05-25
376,2021-08-04
377,2021-05-01
378,2021-10-19
379,2022-03-07
380,2022-03-03
381,2021-10-04
382,2021-07-12
383,2022-03-07
384,2022-01-07
385,2021-05-05
386,2022-02-13
387,2021-09-28
388,2022-03-28
389,2021-04-28
390,2021-08-02
391,2021-10-06
392,2022-03-08
393,2021-08-23
394,2021-10-29
395,2021-11-07
396,2021-12-07
397,2021-06-09
398,2021-10-27
399,2022-03-14
400,2021-04-17
401,2022-02-24
402,2021-07-17
403,2021-10-15
404,2021-12-15
405,2022-01-27
406,2021-07-14
407,2021-06-02
408,2021-08-07
409,2022-01-13
410,2022-02-23
411,2021-05-14
412,2022-04-02
413,2021-12-18
414,2021-07-21
415,2021-08-21
416,2021-11-21
417,2021-11-07
418,2022-03-27
419,2022-03-20
420,2021-11-27
421,2021-05-26
422,2021-12-19
423,2022-04-07
424,2021-08-20
425,2021-08-03
426,2022-03-14
427,2021-10-01
428,2021-12-03
429,2021-10-20
430,2021-06-18
431,2021-05-15
432,2021-07-28
433,2021-04-19
434,2021-12-22
435,2021-04-26
436,2021-10-11
437,2021-05-11
438,2021-09-15
439,2021-09-26
440,2021-09-04
441,2021-06-22
442,2021-09-22
443,2021-08-20
444,2021-09-08
445,2021-07-27
446,2021-05-21
447,2021-11-03
448,2021-06-20
449,2022-02-21
450,2021-09-25
451,2021-06-21
452,2021-10-03
453,2021-06-21
454,2021-05-25
455,2021-06-03
456,2021-07-27
457,2021-07-04
458,2021-04-23
459,2022-03-06
460,2021-09-06
461,2021-11-06
462,2021-06-23
463,2022-03-24
464,2022-02-18
465,2021-11-13
466,2021-09-19
467,2021-07-13
468,2022-03-28
469,2021-05-25
470,2021-07-04
471,2021-08-08
472,2021-09-19
473,2021-09-25
474,2021-07-03
475,2022-04-14
476,2022-04-07
477,2021-05-20
478,2022-01-29
479,2021-05-05
480,2021-06-08
481,2021-04-28
482,2021-12-11
483,2022-03-06
484,2021-10-07
485,2022-01-03
486,2021-08-22
487,2021-11-17
488,2021-10-08
489,2022-04-10
490,2021-07-05
491,2021-07-02
492,2021-12-28
493,2021-12-18
494,2021-10-28
495,2021-06-27
496,2021-11-01
497,2022-04-07
498,2021-10-23
499,2021-09-13
500,2021-08-17
