repayment_id,loan_id,repayment_date,repayment_amount,repayment_channel
1,357,2022-10-16,1675.83,bank account
2,805,2023-01-12,867.22,debit card
3,843,2022-06-02,718.83,phone
4,243,2022-12-26,1620.97,credit card
5,991,2023-03-18,2182.17,phone
6,130,2023-01-31,772.19,mail
7,903,2022-05-23,1340.22,bank account
8,157,2022-10-11,1381.22,credit card
9,121,2022-06-21,1941.47,credit card
10,120,2023-03-31,410.42,mail
11,408,2023-02-28,1614.64,bank account
12,483,2022-11-28,1507.0,bank account
13,584,2022-05-16,4453.64,mail
14,675,2022-11-25,2082.17,mail
15,845,2022-12-28,2406.58,credit card
16,503,2022-09-16,526.86,debit card
17,947,2022-11-18,4048.75,phone
18,189,2022-09-28,1397.17,debit card
19,654,2022-04-24,281.08,mail
20,323,2023-02-15,320.19,debit card
21,987,2022-10-06,2887.94,phone
22,593,2022-07-05,2854.22,debit card
23,692,2023-03-12,4188.78,debit card
24,771,2022-10-20,966.94,mail
25,728,2023-02-26,1625.78,phone
26,96,2022-11-08,3118.83,bank account
27,7,2023-03-22,358.89,mail
28,568,2022-12-28,2805.58,phone
29,25,2023-03-28,1477.14,debit card
30,138,2023-01-01,292.97,mail
31,560,2022-10-06,614.58,mail
32,264,2022-09-02,579.44,phone
33,649,2023-04-09,323.17,bank account
34,591,2022-12-24,439.94,debit card
35,616,2023-04-09,322.64,mail
36,97,2023-01-06,2194.36,debit card
37,853,2023-03-22,983.83,mail
38,732,2022-06-14,2652.42,phone
39,144,2022-06-21,1761.0,debit card
40,935,2023-02-22,304.5,mail
41,176,2023-03-07,832.69,mail
42,420,2022-08-05,2513.61,debit card
43,352,2022-12-12,2128.75,debit card
44,141,2022-08-02,938.17,debit card
45,89,2022-07-24,1698.19,phone
46,253,2022-11-15,452.44,mail
47,661,2022-07-17,1022.56,debit card
48,476,2022-06-03,1954.97,debit card
49,817,2022-12-07,310.75,phone
50,643,2022-08-22,929.86,credit card
51,928,2023-03-19,1813.86,bank account
52,147,2022-09-12,3208.22,debit card
53,803,2022-07-21,1403.42,phone
54,271,2022-04-17,2146.72,bank account
55,666,2023-03-09,340.47,bank account
56,958,2022-11-02,812.33,credit card
57,570,2022-09-25,315.44,credit card
58,973,2023-04-14,1029.17,debit card
59,625,2022-08-26,520.42,mail
60,798,2022-07-30,4314.08,bank account
61,18,2022-09-19,320.56,debit card
62,164,2022-05-11,682.64,bank account
63,373,2022-07-26,1995.03,bank account
64,553,2022-10-12,2513.42,mail
65,80,2022-12-08,593.31,credit card
66,685,2022-09-07,815.67,phone
67,360,2023-01-17,818.03,credit card
68,988,2022-12-25,1363.44,mail
69,415,2022-12-09,5161.56,debit card
70,972,2023-01-20,770.89,debit card
71,109,2022-08-08,2482.47,phone
72,204,2022-08-10,4784.25,mail
73,659,2023-02-21,2254.28,mail
74,996,2023-02-17,2515.83,credit card
75,292,2022-10-09,2245.58,phone
76,466,2022-07-17,299.31,bank account
77,489,2022-07-29,2313.69,phone
78,956,2022-08-24,2024.86,debit card
79,816,2022-12-02,2397.81,credit card
80,602,2022-05-05,3086.47,mail
81,177,2022-06-05,1711.72,bank account
82,304,2022-09-28,760.83,credit card
83,544,2022-09-06,419.89,debit card
84,926,2022-06-24,1042.92,mail
85,557,2023-01-02,2331.67,credit card
86,985,2022-06-21,2345.47,mail
87,990,2023-03-27,2204.56,debit card
88,801,2022-06-14,523.06,mail
89,399,2022-08-25,1190.58,credit card
90,671,2023-01-07,1076.0,debit card
91,480,2022-11-16,383.17,mail
92,915,2023-04-06,950.53,mail
93,504,2022-10-29,1076.75,credit card
94,383,2022-11-25,726.56,mail
95,33,2022-07-18,1037.11,bank account
96,864,2022-11-29,3115.94,debit card
97,23,2022-12-21,3098.97,bank account
98,188,2022-05-11,732.75,debit card
99,791,2022-11-01,1403.19,credit card
100,875,2022-06-18,4770.33,bank account
101,73,2023-03-04,2213.33,phone
102,160,2022-09-15,1889.97,credit card
103,969,2023-03-18,436.06,mail
104,797,2023-02-23,727.25,debit card
105,293,2022-08-18,3522.53,phone
106,766,2022-10-02,524.31,phone
107,289,2023-03-13,1942.81,phone
108,84,2022-10-23,1086.67,credit card
109,267,2023-04-06,1713.72,phone
110,198,2022-05-22,335.69,debit card
111,410,2022-06-20,711.44,mail
112,807,2022-12-03,665.31,bank account
113,825,2022-04-20,682.86,mail
114,229,2023-01-12,3570.47,phone
115,56,2022-11-01,1438.44,phone
116,559,2022-12-21,655.36,mail
117,550,2022-09-04,381.92,phone
118,392,2022-07-07,1961.22,phone
119,361,2022-08-21,1622.56,debit card
120,16,2022-05-10,1515.83,debit card
121,461,2022-06-01,1152.53,phone
122,810,2023-04-13,1397.5,phone
123,604,2023-04-04,695.58,mail
124,362,2022-11-27,616.56,phone
125,368,2022-11-23,1334.03,phone
126,221,2022-11-15,1904.89,credit card
127,60,2022-12-02,1040.03,debit card
128,59,2022-09-30,380.19,bank account
129,273,2023-03-08,1016.72,mail
130,42,2022-12-17,399.17,mail
131,586,2022-11-09,303.42,mail
132,723,2022-10-30,289.31,bank account
133,213,2023-01-28,1975.64,credit card
134,599,2022-12-26,603.81,debit card
135,460,2022-11-27,283.61,bank account
136,9,2022-05-04,1643.75,bank account
137,394,2022-10-16,363.69,bank account
138,670,2022-05-22,1916.17,debit card
139,764,2022-11-02,356.42,debit card
140,618,2023-01-17,3304.17,credit card
141,769,2022-10-13,2407.17,mail
142,370,2022-06-03,1905.64,bank account
143,804,2023-04-15,1048.69,bank account
144,868,2023-03-12,670.67,phone
145,554,2023-02-05,3253.72,bank account
146,989,2022-05-16,1351.97,mail
147,885,2023-04-06,387.64,mail
148,380,2023-02-02,370.83,phone
149,447,2022-11-04,900.94,credit card
150,115,2023-03-01,344.53,credit card
151,835,2022-08-09,2560.75,bank account
152,457,2022-08-01,473.58,credit card
153,344,2023-02-26,2127.89,mail
154,333,2022-12-12,4640.03,phone
155,607,2023-04-08,3972.0,credit card
156,920,2023-02-08,1609.33,debit card
157,941,2022-04-29,319.25,credit card
158,28,2022-12-25,465.5,bank account
159,284,2023-03-08,4632.0,debit card
160,918,2022-10-09,1625.64,debit card
161,435,2022-07-11,910.08,debit card
162,150,2022-06-05,3289.92,debit card
163,748,2022-12-05,1288.31,debit card
164,874,2023-01-01,3450.11,mail
165,61,2022-06-18,738.42,phone
166,275,2022-11-30,2238.67,phone
167,265,2022-05-01,1527.56,credit card
168,857,2022-11-12,1544.47,mail
169,704,2022-04-20,899.5,debit card
170,458,2022-12-08,659.11,mail
171,727,2022-10-02,509.31,mail
172,776,2022-11-17,801.47,mail
173,761,2022-11-01,3404.75,phone
174,487,2022-06-29,961.47,phone
175,346,2022-06-23,3293.17,debit card
176,549,2022-12-26,1198.28,mail
177,50,2023-02-11,462.72,credit card
178,294,2022-06-21,282.31,credit card
179,148,2023-01-18,3133.03,bank account
180,930,2022-07-27,568.22,mail
181,820,2022-08-13,2595.17,bank account
182,942,2022-04-16,2041.64,debit card
183,156,2023-03-26,1190.39,phone
184,619,2022-05-23,718.97,credit card
185,538,2023-02-26,1415.08,mail
186,872,2023-03-11,293.17,mail
187,834,2023-03-07,4620.75,mail
188,531,2022-11-16,401.97,bank account
189,159,2023-02-11,568.17,credit card
190,306,2023-03-30,376.58,mail
191,620,2022-05-09,1224.44,phone
192,515,2023-03-04,4710.39,mail
193,83,2023-01-01,344.72,mail
194,378,2023-03-23,948.64,phone
195,3,2022-06-18,377.64,credit card
196,381,2022-09-20,1560.89,mail
197,431,2022-06-29,3901.78,debit card
198,254,2022-12-29,2117.67,credit card
199,970,2022-08-05,2370.92,phone
200,725,2023-01-16,3573.81,credit card
201,94,2022-10-15,658.31,mail
202,755,2022-04-25,2177.47,credit card
203,708,2022-12-25,1496.81,debit card
204,240,2022-05-18,363.19,mail
205,172,2023-03-19,2118.89,credit card
206,450,2023-01-09,1369.64,bank account
207,823,2022-11-22,329.78,mail
208,697,2022-11-01,1200.44,debit card
209,768,2022-05-17,1494.53,mail
210,754,2023-01-21,574.47,mail
211,717,2023-02-11,2824.03,bank account
212,933,2022-06-06,2658.11,bank account
213,128,2022-05-07,404.14,mail
214,479,2023-01-22,589.39,phone
215,505,2022-09-07,2205.19,mail
216,453,2022-09-24,4685.14,credit card
217,968,2023-01-07,579.61,debit card
218,51,2022-12-10,2196.25,bank account
219,47,2022-08-20,1596.81,mail
220,347,2023-01-19,320.69,debit card
221,715,2023-01-28,2712.72,mail
222,251,2022-06-27,1797.56,phone
223,181,2022-09-21,1405.94,credit card
224,19,2022-07-25,2648.69,mail
225,165,2023-02-19,2946.94,credit card
226,215,2022-11-18,833.22,mail
227,123,2022-08-15,2326.03,credit card
228,463,2022-10-11,3292.5,credit card
229,757,2022-10-29,409.22,mail
230,133,2023-03-22,1701.83,credit card
231,149,2023-02-18,738.56,mail
232,529,2022-11-18,3338.33,debit card
233,486,2022-11-24,2567.72,phone
234,645,2022-10-04,420.25,mail
235,759,2022-10-09,605.58,bank account
236,516,2022-11-25,284.08,mail
237,821,2022-07-17,1648.86,debit card
238,107,2023-02-14,1434.19,credit card
239,472,2023-02-25,966.47,phone
240,456,2022-10-26,453.83,bank account
241,682,2022-06-21,1573.64,credit card
242,815,2022-08-15,329.92,phone
243,995,2023-01-26,1792.58,phone
244,513,2023-03-10,1573.81,credit card
245,838,2022-08-15,2313.22,credit card
246,345,2022-12-28,2126.36,debit card
247,778,2022-09-26,480.33,mail
248,38,2022-05-22,1872.17,phone
249,724,2022-07-05,1175.25,bank account
250,216,2022-05-13,279.25,debit card
251,129,2022-09-26,1160.83,mail
252,137,2023-04-10,502.14,bank account
253,668,2023-02-03,3325.47,credit card
254,547,2023-01-04,3991.42,debit card
255,122,2022-06-20,686.56,mail
256,63,2022-05-05,2322.78,mail
257,828,2023-03-11,3695.81,debit card
258,246,2022-07-22,2476.83,credit card
259,895,2023-01-13,352.22,phone
260,876,2022-06-07,1049.11,debit card
261,296,2022-06-07,1290.42,mail
262,610,2022-04-23,1993.56,debit card
263,811,2022-06-09,280.69,mail
264,894,2022-05-11,3415.72,debit card
265,372,2022-11-15,433.39,debit card
266,695,2022-11-18,2438.25,bank account
267,295,2022-06-12,1013.14,bank account
268,105,2022-06-25,343.47,debit card
269,218,2023-02-18,2378.5,phone
270,545,2022-11-09,1875.56,phone
271,982,2022-10-19,440.08,phone
272,39,2023-01-18,1150.44,bank account
273,185,2022-05-25,600.47,mail
274,579,2022-07-12,1508.47,credit card
275,442,2022-06-08,1190.06,mail
276,924,2023-03-20,2363.64,debit card
277,832,2022-10-17,735.08,mail
278,173,2022-08-03,1388.64,phone
279,192,2022-10-18,1259.89,mail
280,934,2023-03-31,802.08,phone
281,136,2022-07-29,3666.67,credit card
282,87,2022-06-13,919.42,credit card
283,609,2023-01-22,1431.14,credit card
284,630,2022-09-28,626.5,phone
285,492,2022-12-01,1138.94,debit card
286,62,2022-10-18,955.39,mail
287,542,2022-06-25,1322.22,mail
288,660,2022-11-16,564.08,phone
289,424,2023-04-11,1413.06,bank account
290,186,2023-01-14,404.19,phone
291,282,2022-12-29,1112.42,credit card
292,168,2022-04-30,465.42,mail
293,421,2022-09-13,5029.11,phone
294,365,2023-03-17,880.5,credit card
295,8,2022-11-29,295.53,bank account
296,694,2022-08-21,351.0,credit card
297,459,2022-08-08,3745.06,mail
298,397,2022-10-29,305.44,mail
299,846,2022-08-23,1016.69,credit card
300,237,2022-07-12,2969.61,phone
301,878,2022-10-01,652.14,mail
302,974,2022-06-27,4314.67,bank account
303,226,2023-03-31,1641.75,credit card
304,474,2022-12-20,1016.64,bank account
305,29,2022-10-10,1294.19,mail
306,792,2022-05-21,4344.25,bank account
307,231,2022-05-18,1120.42,debit card
308,100,2023-02-11,1586.0,credit card
309,118,2023-01-12,2986.58,credit card
310,337,2022-06-14,1955.75,credit card
311,963,2022-08-06,1942.42,credit card
312,712,2022-05-17,3324.42,debit card
313,500,2022-07-02,1014.31,mail
314,332,2022-06-14,582.83,debit card
315,145,2022-11-16,1902.28,phone
316,281,2022-04-16,4298.58,bank account
317,913,2022-07-12,3739.47,debit card
318,468,2023-03-01,3825.08,mail
319,851,2023-02-28,2627.14,phone
320,313,2022-09-04,524.33,bank account
321,407,2022-09-30,1937.69,bank account
322,428,2022-08-22,370.14,credit card
323,635,2023-03-25,1442.83,debit card
324,134,2023-03-25,2493.36,bank account
325,867,2023-02-11,1446.36,phone
326,379,2022-09-04,304.31,mail
327,242,2022-10-01,1013.75,debit card
328,581,2023-03-10,2849.36,phone
329,142,2023-03-06,2426.06,bank account
330,184,2022-07-23,3500.78,credit card
331,418,2022-12-26,3164.97,mail
332,235,2022-06-19,471.69,phone
333,277,2022-04-24,1985.0,mail
334,48,2022-07-08,3361.44,phone
335,195,2022-07-10,2862.36,bank account
336,499,2022-10-21,2515.86,debit card
337,678,2023-01-20,1103.69,phone
338,965,2023-01-21,2954.75,phone
339,626,2022-08-30,1247.03,phone
340,496,2022-04-27,1727.75,debit card
341,634,2023-01-14,617.28,bank account
342,971,2022-07-26,3977.25,bank account
343,954,2022-06-27,754.83,phone
344,687,2023-01-14,2844.72,bank account
345,818,2023-01-05,5247.42,mail
346,263,2022-09-23,2612.72,credit card
347,112,2022-07-09,3911.64,phone
348,454,2023-03-04,3067.08,bank account
349,214,2022-11-26,1897.08,debit card
350,819,2022-10-16,306.56,mail
351,182,2022-05-13,2551.0,debit card
352,207,2022-07-13,3253.14,credit card
353,986,2023-01-31,1691.19,mail
354,297,2022-09-03,915.75,credit card
355,839,2022-11-24,2707.28,debit card
356,916,2022-07-03,442.58,phone
357,540,2023-02-06,279.53,mail
358,170,2022-07-14,1831.78,debit card
359,760,2022-07-13,1394.86,bank account
360,631,2022-11-18,582.22,mail
361,901,2022-07-25,1278.83,debit card
362,794,2023-02-19,1947.47,bank account
363,252,2023-03-08,307.39,mail
364,11,2023-04-01,705.61,mail
365,241,2023-01-31,706.64,bank account
366,633,2022-10-01,1025.64,phone
367,367,2022-06-29,438.19,mail
368,175,2022-08-20,1618.53,credit card
369,730,2022-12-01,1613.42,credit card
370,789,2022-11-15,844.33,bank account
371,524,2023-01-18,278.33,bank account
372,46,2022-06-18,1317.67,debit card
373,802,2023-03-12,681.14,phone
374,490,2022-06-16,665.11,bank account
375,327,2022-12-22,3192.08,debit card
376,334,2022-04-18,3474.75,credit card
377,270,2023-03-27,3011.47,phone
378,592,2022-10-11,2411.47,mail
379,881,2022-04-22,1113.42,bank account
380,706,2022-12-21,694.08,phone
381,127,2022-12-06,2474.44,bank account
382,664,2022-05-15,549.11,phone
383,674,2022-06-08,2350.0,mail
384,76,2022-06-19,296.11,mail
385,303,2022-05-09,577.75,mail
386,775,2022-06-14,694.97,mail
387,565,2023-02-24,436.25,credit card
388,403,2023-01-28,3520.92,debit card
389,49,2022-04-20,434.33,phone
390,32,2023-04-05,1407.5,bank account
391,552,2023-02-08,1640.42,credit card
392,321,2022-05-10,2126.28,credit card
393,562,2023-02-27,2107.31,bank account
394,863,2022-06-05,3045.0,debit card
395,962,2022-07-20,2060.36,phone
396,151,2023-03-25,3507.67,bank account
397,328,2022-06-30,499.39,bank account
398,922,2022-04-26,3277.56,debit card
399,713,2023-02-13,1548.81,debit card
400,518,2023-01-27,391.64,debit card
401,508,2023-03-17,585.56,mail
402,481,2022-04-17,1700.31,debit card
403,220,2023-02-18,335.86,credit card
404,452,2023-02-23,3481.11,bank account
405,736,2023-01-16,731.89,debit card
406,525,2022-12-02,1263.11,credit card
407,672,2023-04-12,425.69,debit card
408,976,2022-12-17,1856.14,debit card
409,606,2023-01-25,4535.36,bank account
410,316,2022-10-19,2265.08,credit card
411,601,2023-02-04,2722.58,phone
412,774,2022-09-20,1663.39,bank account
413,66,2022-08-26,2694.53,debit card
414,734,2022-07-02,332.28,mail
415,432,2023-02-08,1066.67,debit card
416,187,2022-11-10,791.72,mail
417,699,2023-01-10,2083.14,mail
418,426,2022-05-16,1343.94,credit card
419,102,2023-03-18,4297.64,phone
420,770,2022-12-29,763.33,phone
421,290,2022-06-08,972.33,credit card
422,72,2023-01-05,1030.47,phone
423,806,2022-08-19,508.56,bank account
424,376,2022-06-16,1819.44,mail
425,611,2022-11-22,370.42,credit card
426,178,2023-04-13,419.61,credit card
427,532,2022-08-01,1295.61,bank account
428,230,2022-09-01,279.67,mail
429,319,2022-05-09,1212.47,phone
430,873,2023-02-01,441.58,bank account
431,689,2022-06-23,1085.5,phone
432,310,2023-04-06,358.06,phone
433,613,2022-11-02,340.64,credit card
434,386,2023-03-09,633.25,mail
435,658,2022-09-25,1484.42,bank account
436,520,2023-04-05,1510.22,phone
437,710,2022-07-22,1722.72,phone
438,285,2022-09-22,2256.56,debit card
439,467,2022-11-24,303.0,mail
440,906,2023-02-17,4720.58,bank account
441,563,2022-08-23,1039.89,credit card
442,783,2023-01-28,386.78,phone
443,957,2022-08-24,278.64,mail
444,722,2022-04-23,434.69,phone
445,814,2022-12-24,2137.06,credit card
446,753,2022-10-13,721.67,mail
447,786,2022-10-30,832.64,mail
448,940,2022-10-18,855.11,credit card
449,623,2022-05-21,282.56,credit card
450,884,2022-07-06,890.33,mail
451,261,2022-04-27,4505.11,phone
452,510,2022-09-18,2121.33,mail
453,419,2022-05-15,299.42,mail
454,624,2023-03-28,840.67,phone
455,567,2022-05-28,3064.89,credit card
456,556,2023-03-26,1754.44,mail
457,338,2022-05-22,2317.92,phone
458,455,2022-08-28,2242.89,credit card
459,644,2023-01-09,527.5,credit card
460,558,2022-07-07,995.61,credit card
461,441,2022-07-06,1381.58,phone
462,959,2022-10-08,297.64,credit card
463,507,2022-08-21,661.64,bank account
464,315,2022-10-06,1333.75,credit card
465,354,2022-10-27,284.89,credit card
466,677,2023-02-17,2791.97,phone
467,735,2022-11-28,3313.94,phone
468,898,2022-10-31,1401.14,phone
469,582,2022-12-21,458.97,mail
470,58,2022-08-04,336.5,mail
471,68,2023-02-25,2727.11,mail
472,272,2022-12-21,1019.36,credit card
473,371,2022-08-29,1724.19,mail
474,910,2022-09-08,1521.33,credit card
475,71,2022-11-14,2910.31,debit card
476,932,2022-08-29,4498.36,bank account
477,767,2022-04-16,1375.19,phone
478,705,2022-08-02,1353.0,credit card
479,287,2022-11-23,386.28,bank account
480,528,2022-11-28,2034.69,debit card
481,286,2022-06-07,753.69,bank account
482,741,2022-12-01,344.56,debit card
483,88,2022-09-20,1478.81,mail
484,340,2022-05-03,2085.92,phone
485,765,2022-10-01,3040.22,bank account
486,26,2023-03-15,2820.69,mail
487,772,2022-12-01,3162.06,credit card
488,641,2022-11-18,320.39,credit card
489,637,2023-01-29,1512.22,debit card
490,225,2022-07-23,707.61,mail
491,440,2022-12-30,705.06,debit card
492,322,2022-06-20,1579.0,debit card
493,14,2022-07-22,3284.28,mail
494,106,2022-06-13,616.42,bank account
495,194,2022-09-13,1036.58,mail
496,571,2023-03-08,442.92,credit card
497,395,2022-11-19,297.28,credit card
498,339,2022-12-13,2523.64,bank account
499,961,2022-12-10,663.53,phone
500,902,2022-07-11,1079.72,phone
501,751,2022-04-25,1558.67,mail
502,446,2022-10-30,3751.33,phone
503,402,2022-10-16,530.78,mail
504,882,2022-10-12,300.86,debit card
505,762,2023-03-21,2180.0,mail
506,691,2022-12-03,354.47,phone
507,17,2023-02-09,2302.42,debit card
508,967,2023-01-28,1175.5,mail
509,893,2022-07-22,801.81,credit card
510,211,2022-11-02,738.92,mail
511,943,2022-06-15,457.72,credit card
512,739,2022-05-16,674.39,debit card
513,363,2022-09-05,2228.06,bank account
514,336,2022-06-05,1512.81,mail
515,35,2023-03-13,2414.19,credit card
516,912,2022-10-17,3779.61,debit card
517,888,2023-01-30,1211.08,credit card
518,850,2022-10-19,3202.22,bank account
519,20,2022-06-08,1064.81,debit card
520,887,2022-11-27,579.75,mail
521,907,2022-12-27,4009.22,bank account
522,342,2022-07-30,1541.39,credit card
523,477,2023-01-08,2884.89,debit card
524,398,2022-08-09,682.22,debit card
525,953,2022-10-13,1684.64,phone
526,650,2022-07-23,2281.25,phone
527,31,2023-01-18,1621.14,phone
528,478,2022-06-07,458.81,debit card
529,27,2022-05-29,2457.67,bank account
530,314,2023-04-11,1396.53,phone
531,124,2022-12-22,400.28,bank account
532,224,2023-02-03,863.53,mail
533,937,2022-07-03,1772.08,bank account
534,451,2022-08-16,549.19,bank account
535,222,2022-09-30,1524.75,credit card
536,580,2023-03-13,2675.81,debit card
537,111,2022-06-25,1024.89,debit card
538,75,2022-08-24,524.86,debit card
539,693,2023-04-13,908.44,phone
540,669,2022-05-12,1707.83,credit card
541,413,2022-08-07,3438.53,credit card
542,979,2022-07-28,1220.36,bank account
543,86,2023-03-04,1515.06,credit card
544,2,2022-10-10,3144.94,mail
545,174,2023-01-19,1261.14,credit card
546,731,2023-03-05,1297.72,mail
547,473,2023-01-25,488.11,bank account
548,833,2023-01-22,505.58,debit card
549,617,2023-03-25,941.33,bank account
550,169,2022-07-02,902.42,credit card
551,709,2023-01-13,4621.17,debit card
552,34,2022-11-22,1972.5,mail
553,605,2022-09-08,1310.47,mail
554,793,2022-06-14,523.81,phone
555,936,2022-11-25,705.14,mail
556,889,2023-04-04,4024.22,debit card
557,13,2022-09-10,360.53,mail
558,436,2023-03-07,1378.86,bank account
559,911,2022-07-10,340.0,bank account
560,648,2022-12-07,947.72,mail
561,665,2022-08-01,1935.78,bank account
562,205,2023-01-02,4148.97,bank account
563,745,2023-03-11,1769.25,bank account
564,598,2022-12-10,477.56,credit card
565,711,2023-02-09,474.31,mail
566,781,2022-10-19,1068.44,credit card
567,387,2022-06-23,735.0,mail
568,501,2023-03-18,952.47,debit card
569,600,2022-12-29,2499.5,credit card
570,790,2022-10-11,2063.53,mail
571,470,2022-12-29,741.67,debit card
572,703,2022-11-08,613.81,mail
573,662,2023-02-14,306.97,debit card
574,517,2022-06-18,1426.97,bank account
575,40,2022-07-08,431.56,phone
576,780,2022-05-11,1204.94,credit card
577,865,2022-09-10,577.83,debit card
578,330,2022-08-23,799.83,debit card
579,784,2022-06-04,1336.36,phone
580,317,2022-12-10,2888.56,mail
581,861,2023-01-17,2844.64,bank account
582,698,2023-01-23,1692.56,phone
583,740,2023-03-09,3345.61,mail
584,829,2022-07-04,3057.56,bank account
585,494,2023-02-04,3716.67,credit card
586,984,2022-07-23,2723.31,phone
587,720,2022-12-18,1936.86,credit card
588,849,2022-06-15,2259.31,bank account
589,53,2022-06-09,1500.67,debit card
590,393,2022-05-13,462.19,phone
591,964,2022-10-12,1606.0,bank account
592,690,2023-02-26,3976.42,mail
593,247,2022-12-17,600.56,debit card
594,777,2022-05-19,431.25,phone
595,667,2022-06-26,3350.14,mail
596,5,2022-05-24,1146.56,debit card
597,81,2022-05-23,878.14,debit card
598,597,2022-10-10,566.53,credit card
599,179,2023-01-21,1923.75,mail
600,858,2022-09-02,1541.69,debit card
601,576,2022-10-10,1878.22,debit card
602,196,2022-10-20,282.64,mail
603,55,2023-01-28,3489.72,phone
604,716,2022-04-19,1698.44,bank account
605,268,2023-01-05,1185.22,bank account
606,615,2022-08-15,952.58,bank account
607,434,2023-04-04,573.53,credit card
608,746,2023-02-25,2210.78,mail
609,256,2023-04-13,589.94,phone
610,255,2022-12-30,1487.06,mail
611,69,2022-09-11,593.64,mail
612,896,2022-07-04,1141.67,credit card
613,950,2023-02-27,958.53,debit card
614,99,2022-06-17,2555.5,phone
615,10,2022-08-17,1870.19,mail
616,91,2022-07-04,840.92,mail
617,702,2022-10-19,3499.56,debit card
618,526,2023-03-20,3644.17,debit card
619,248,2022-06-06,2602.94,phone
620,812,2022-10-29,1295.81,debit card
621,359,2022-08-05,327.28,credit card
622,827,2023-02-26,2716.67,bank account
623,603,2022-11-16,644.28,mail
624,166,2023-02-03,279.94,debit card
625,763,2022-06-25,855.03,bank account
626,939,2022-05-11,1789.33,phone
627,404,2022-06-25,1976.83,mail
628,439,2022-10-13,737.25,bank account
629,291,2023-02-12,3214.0,credit card
630,680,2022-09-29,2743.28,phone
631,258,2023-03-28,2722.14,debit card
632,155,2022-08-22,753.67,phone
633,555,2022-10-14,746.19,credit card
634,514,2023-03-20,2965.5,debit card
635,575,2022-04-24,1267.33,credit card
636,356,2022-08-20,461.28,mail
637,993,2022-05-23,283.39,credit card
638,139,2022-08-25,1344.42,mail
639,975,2022-08-12,1288.61,mail
640,417,2022-07-11,5037.22,bank account
641,167,2022-10-10,659.61,mail
642,389,2022-10-19,1559.86,mail
643,966,2022-05-25,2024.58,credit card
644,530,2022-09-30,746.42,mail
645,227,2022-05-02,3312.92,credit card
646,74,2023-02-07,2142.42,credit card
647,997,2022-07-30,1258.0,bank account
648,154,2022-09-14,3395.06,mail
649,30,2022-08-30,2030.0,bank account
650,684,2023-04-15,2183.22,bank account
651,919,2022-06-20,1810.78,phone
652,484,2022-10-27,465.0,mail
653,701,2023-02-05,1735.75,bank account
654,595,2022-12-14,2084.67,debit card
655,809,2022-06-06,309.42,debit card
656,98,2022-08-27,537.0,phone
657,283,2022-06-09,1219.28,bank account
658,824,2023-03-15,1477.17,mail
659,260,2022-08-11,1219.83,bank account
660,77,2022-05-18,737.92,debit card
661,992,2022-05-26,863.75,mail
662,300,2023-03-06,354.89,mail
663,585,2022-12-20,566.03,bank account
664,657,2022-05-02,4271.83,mail
665,862,2022-12-23,680.53,mail
666,855,2022-06-05,1596.86,credit card
667,199,2022-10-11,684.33,mail
668,561,2022-06-28,2837.39,phone
669,946,2022-05-25,594.06,phone
670,952,2022-05-24,1776.17,mail
671,594,2023-01-22,4615.72,credit card
672,412,2022-04-21,788.64,mail
673,511,2022-07-08,1231.64,debit card
674,841,2022-07-08,1772.0,mail
675,718,2022-11-05,1715.72,mail
676,369,2022-10-12,2528.94,credit card
677,200,2022-12-25,746.78,bank account
678,52,2022-12-17,2767.58,phone
679,899,2022-12-02,2109.19,phone
680,999,2022-11-13,4971.53,mail
681,355,2022-12-01,356.64,bank account
682,904,2022-09-29,2545.33,mail
683,464,2022-07-16,585.75,phone
684,546,2022-07-12,3450.22,phone
685,892,2022-12-29,3812.89,debit card
686,482,2023-03-05,2911.36,debit card
687,848,2022-04-30,832.22,phone
688,384,2022-08-30,3121.17,mail
689,208,2023-01-30,528.44,mail
690,374,2022-12-19,3496.53,mail
691,614,2023-01-22,2511.22,bank account
692,539,2023-01-03,652.81,debit card
693,948,2022-10-20,4512.72,phone
694,519,2022-11-04,1921.33,mail
695,782,2022-08-31,1571.53,mail
696,831,2022-11-25,2396.83,debit card
697,852,2022-10-03,1421.0,mail
698,622,2022-11-12,884.42,mail
699,234,2022-08-10,2543.97,mail
700,329,2022-12-18,1711.78,phone
701,64,2023-03-13,3505.58,bank account
702,726,2022-06-10,540.42,bank account
703,994,2022-05-13,758.67,mail
704,569,2022-09-24,1461.67,credit card
705,980,2023-01-31,547.72,mail
706,341,2022-12-10,1493.14,bank account
707,259,2023-02-07,1173.28,bank account
708,583,2023-03-04,1334.11,credit card
709,917,2022-08-15,527.31,bank account
710,527,2022-05-15,345.86,credit card
711,733,2022-08-23,432.78,bank account
712,886,2022-05-23,567.94,mail
713,70,2022-11-17,3738.56,phone
714,299,2022-12-09,1216.58,bank account
715,21,2022-08-08,2273.83,mail
716,564,2023-02-18,1151.19,mail
717,126,2022-09-27,5284.89,bank account
718,388,2022-10-08,2249.03,credit card
719,638,2022-07-04,1012.69,mail
720,646,2022-05-01,288.53,bank account
721,951,2022-04-26,311.67,credit card
722,752,2023-04-05,2308.81,phone
723,238,2022-05-25,3079.78,debit card
724,6,2023-02-24,1436.11,credit card
725,813,2022-09-21,1134.22,phone
726,485,2022-09-08,375.22,debit card
727,257,2022-09-15,2192.22,bank account
728,743,2023-01-23,1259.25,phone
729,871,2023-02-27,421.19,mail
730,162,2023-03-04,507.03,mail
731,153,2022-12-03,2245.69,debit card
732,512,2022-06-13,569.64,credit card
733,411,2022-09-24,428.14,phone
734,808,2022-11-30,1134.28,mail
735,114,2022-08-30,463.47,phone
736,640,2022-11-12,2215.64,credit card
737,349,2022-12-10,317.47,debit card
738,416,2022-11-19,714.69,mail
739,108,2023-02-13,353.17,mail
740,837,2023-01-30,717.72,phone
741,628,2023-02-05,279.06,debit card
742,331,2022-11-01,390.83,phone
743,262,2022-09-17,1883.61,bank account
744,158,2023-03-25,564.92,mail
745,596,2022-09-15,2476.81,mail
746,652,2022-08-17,408.08,mail
747,350,2023-01-08,2112.89,bank account
748,366,2023-03-07,840.53,credit card
749,577,2022-09-17,4106.64,mail
750,302,2023-03-26,3535.44,mail
751,462,2023-04-12,288.78,phone
752,44,2022-11-17,769.19,credit card
753,236,2022-04-26,1988.47,debit card
754,382,2022-09-17,1618.03,debit card
755,574,2022-11-03,2580.5,credit card
756,639,2023-03-06,3097.42,credit card
757,842,2023-03-05,4978.86,bank account
758,647,2022-10-06,1126.78,mail
759,929,2022-06-01,2063.58,mail
760,627,2022-07-07,837.31,phone
761,325,2022-08-08,775.83,bank account
762,131,2022-09-22,1608.67,phone
763,908,2022-07-21,4016.36,debit card
764,683,2023-03-07,998.67,mail
765,860,2023-04-14,471.53,bank account
766,193,2022-07-14,2903.42,phone
767,589,2023-03-26,985.39,debit card
768,152,2022-06-11,412.25,bank account
769,681,2023-01-05,1177.06,mail
770,67,2022-05-11,1747.28,phone
771,203,2022-05-17,1743.08,debit card
772,653,2023-02-21,2400.69,bank account
773,795,2022-06-09,1428.56,debit card
774,981,2022-08-03,441.03,credit card
775,465,2022-04-26,2005.56,bank account
776,4,2022-05-18,298.31,phone
777,621,2023-03-18,1871.39,debit card
778,866,2022-05-17,386.89,phone
779,423,2022-10-16,688.0,mail
780,573,2022-10-28,494.58,debit card
781,309,2023-03-05,2562.78,phone
782,1,2022-12-28,1156.44,credit card
783,756,2022-07-08,868.53,debit card
784,244,2023-01-04,1557.36,phone
785,909,2022-07-10,492.33,bank account
786,429,2022-08-19,791.94,bank account
787,877,2023-02-21,1061.19,bank account
788,57,2022-06-06,4125.03,mail
789,548,2023-04-09,697.11,phone
790,536,2022-05-25,290.33,debit card
791,663,2023-03-07,1255.42,credit card
792,385,2022-09-21,3984.33,mail
793,785,2023-02-07,2126.5,phone
794,217,2022-09-23,1074.08,phone
795,12,2022-08-10,2936.78,debit card
796,854,2022-05-01,563.33,phone
797,983,2023-01-16,1057.83,mail
798,578,2022-05-31,1425.31,credit card
799,826,2022-07-16,338.33,mail
800,301,2022-12-16,4103.28,phone
801,498,2023-01-05,3607.17,mail
802,228,2022-05-06,662.0,bank account
803,276,2022-07-14,412.92,bank account
804,90,2022-04-26,335.56,phone
805,449,2023-03-12,423.5,mail
806,250,2023-03-04,2591.08,debit card
807,788,2022-08-08,676.58,phone
808,796,2022-08-03,312.39,debit card
809,632,2022-09-06,2047.31,phone
810,927,2022-07-11,3114.89,mail
811,116,2022-06-08,664.94,credit card
812,779,2022-10-22,2890.67,phone
813,931,2022-07-04,1749.53,bank account
814,326,2022-08-17,826.56,credit card
815,475,2022-10-27,291.03,debit card
816,612,2022-10-03,1737.17,debit card
817,239,2023-03-27,1017.81,credit card
818,113,2023-01-22,594.78,mail
819,883,2022-12-12,2733.42,bank account
820,433,2022-11-04,949.33,debit card
821,642,2022-10-21,3117.14,mail
822,232,2023-04-10,1718.19,debit card
823,249,2022-05-02,4347.75,mail
824,414,2022-05-18,4932.0,mail
825,358,2022-05-31,1208.06,debit card
826,537,2022-04-26,586.17,mail
827,890,2022-12-19,417.81,mail
828,93,2022-11-04,384.36,credit card
829,445,2022-11-16,763.5,mail
830,119,2022-11-03,1854.75,phone
831,588,2022-09-02,3607.06,credit card
832,629,2023-02-28,3127.72,bank account
833,921,2022-05-29,469.69,debit card
834,171,2023-03-12,501.0,mail
835,110,2022-08-15,445.78,phone
836,223,2022-12-03,573.89,mail
837,401,2022-10-13,451.58,phone
838,183,2023-02-09,995.58,phone
839,800,2022-05-10,1488.14,credit card
840,949,2022-11-27,3077.06,credit card
841,135,2022-06-20,3439.42,credit card
842,737,2022-12-26,3115.22,mail
843,656,2022-10-17,1032.78,mail
844,245,2022-09-24,2254.33,phone
845,78,2022-04-26,1748.89,debit card
846,533,2022-07-25,1117.11,mail
847,719,2022-12-11,3801.64,mail
848,348,2022-11-03,3989.31,mail
849,390,2022-08-20,1434.19,mail
850,101,2022-06-21,1963.47,debit card
851,673,2023-01-02,343.69,credit card
852,163,2022-06-26,1091.81,phone
853,312,2022-07-22,426.22,phone
854,409,2023-02-22,3292.53,debit card
855,391,2023-02-16,791.89,debit card
856,143,2023-03-26,1991.5,bank account
857,132,2023-03-09,1165.61,credit card
858,830,2022-12-30,406.36,mail
859,298,2022-07-22,1413.11,bank account
860,502,2023-01-02,2454.39,debit card
861,307,2022-12-05,3712.25,debit card
862,923,2022-07-16,2269.64,debit card
863,840,2023-02-03,512.5,mail
864,400,2022-06-26,377.75,mail
865,655,2022-12-13,479.94,debit card
866,269,2022-12-22,696.47,bank account
867,509,2023-02-04,2972.44,phone
868,427,2023-03-11,291.67,bank account
869,822,2023-02-20,2147.36,debit card
870,900,2022-06-16,1777.25,credit card
871,104,2022-08-26,2835.53,phone
872,747,2023-01-30,4247.36,phone
873,305,2022-07-18,342.86,mail
874,497,2022-09-08,733.92,mail
875,636,2022-05-06,2084.47,mail
876,700,2022-12-25,731.75,debit card
877,651,2022-08-05,1265.56,bank account
878,998,2023-03-05,967.06,bank account
879,977,2022-11-06,913.97,phone
880,676,2023-01-26,315.56,mail
881,707,2023-01-16,1484.25,bank account
882,523,2022-06-24,2204.61,phone
883,140,2022-10-27,301.78,bank account
884,396,2023-04-01,2920.25,bank account
885,773,2022-07-07,421.31,mail
886,543,2022-08-31,660.11,mail
887,125,2022-09-17,1530.06,mail
888,343,2022-12-21,3484.78,credit card
889,274,2023-04-16,2881.14,mail
890,491,2023-04-07,1104.31,debit card
891,201,2023-04-09,662.56,bank account
892,190,2023-02-25,1057.56,debit card
893,36,2023-01-11,788.53,mail
894,836,2022-07-18,3489.61,debit card
895,938,2022-12-30,565.06,bank account
896,749,2022-10-02,324.94,mail
897,311,2023-02-24,444.5,bank account
898,65,2023-03-25,555.44,mail
899,103,2022-10-31,278.67,phone
900,945,2022-08-23,4622.92,debit card
901,572,2022-10-19,1161.11,bank account
902,351,2022-10-28,960.17,credit card
903,495,2023-01-14,1808.14,bank account
904,738,2022-12-09,337.22,credit card
905,714,2022-07-11,1760.67,phone
906,43,2022-10-26,3196.97,phone
907,443,2022-08-27,299.81,debit card
908,54,2023-04-01,2965.42,credit card
909,566,2023-03-05,3594.67,mail
910,506,2023-04-13,1185.5,debit card
911,469,2022-12-02,2403.78,phone
912,1000,2023-02-22,492.19,debit card
913,161,2022-06-16,4947.78,bank account
914,206,2022-08-19,304.17,phone
915,859,2022-11-22,731.78,mail
916,375,2022-06-27,2575.58,mail
917,92,2023-02-02,1396.31,debit card
918,219,2023-01-25,333.22,mail
919,266,2022-12-12,278.47,phone
920,541,2022-04-26,1003.69,debit card
921,742,2022-06-23,299.83,bank account
922,448,2022-12-17,1070.14,phone
923,209,2022-04-25,659.11,mail
924,488,2023-03-09,918.81,mail
925,117,2023-01-24,2390.25,mail
926,844,2022-11-25,3511.33,phone
927,534,2022-06-21,4436.33,debit card
928,45,2022-11-07,1014.19,bank account
929,744,2023-01-07,537.69,mail
930,197,2022-10-07,1073.94,credit card
931,438,2022-10-15,574.22,credit card
932,430,2022-08-04,1542.44,bank account
933,364,2022-05-10,2071.81,mail
934,856,2022-07-05,953.64,phone
935,870,2022-05-02,1379.22,debit card
936,278,2022-08-20,608.31,credit card
937,202,2023-04-16,2123.81,mail
938,146,2022-07-02,1790.25,phone
939,405,2022-06-07,1237.86,phone
940,914,2022-12-05,431.39,credit card
941,897,2022-06-04,2735.36,debit card
942,37,2022-09-05,3247.92,phone
943,758,2023-02-28,1061.08,mail
944,95,2022-08-05,2107.47,debit card
945,891,2022-11-29,1242.47,debit card
946,590,2022-11-10,2356.69,phone
947,288,2022-07-20,2402.03,phone
948,551,2023-03-31,2581.5,debit card
949,955,2023-04-13,439.69,bank account
950,377,2022-12-25,568.06,phone
951,318,2022-07-04,3457.19,credit card
952,535,2022-12-10,1347.64,bank account
953,960,2022-08-24,3743.94,mail
954,41,2023-03-13,445.94,credit card
955,679,2022-10-27,1183.92,phone
956,521,2023-01-29,2740.94,credit card
957,905,2023-03-14,420.97,phone
958,425,2022-06-27,396.14,mail
959,444,2023-03-23,2117.08,bank account
960,233,2022-07-29,292.81,credit card
961,587,2022-08-15,776.44,phone
962,15,2023-01-11,797.25,mail
963,978,2022-11-23,919.58,debit card
964,191,2022-10-06,1698.83,credit card
965,353,2022-09-15,2225.92,mail
966,82,2022-12-06,1344.83,mail
967,925,2022-12-31,2046.36,credit card
968,869,2022-11-16,524.92,debit card
969,522,2022-07-18,2754.72,debit card
970,279,2022-08-11,866.83,debit card
971,22,2023-04-05,525.86,mail
972,688,2022-12-22,1666.39,bank account
973,280,2022-08-22,764.53,phone
974,847,2022-12-25,1092.47,debit card
975,24,2022-11-02,2812.14,mail
976,212,2022-05-23,3063.28,phone
977,944,2022-08-28,2539.89,bank account
978,406,2022-04-18,974.94,mail
979,608,2022-12-04,2137.31,phone
980,787,2023-01-06,2481.17,mail
981,729,2023-03-23,1019.47,phone
982,471,2022-12-15,2994.94,mail
983,750,2022-07-12,335.61,mail
984,879,2023-03-07,1027.61,phone
985,320,2023-02-23,3248.72,bank account
986,686,2022-10-31,4983.89,bank account
987,180,2022-05-02,2388.0,mail
988,308,2023-04-12,2117.14,mail
989,422,2022-04-22,720.86,phone
990,79,2023-03-30,965.03,mail
991,324,2023-03-18,1067.28,credit card
992,437,2023-01-02,291.67,mail
993,880,2022-06-04,615.69,debit card
994,696,2023-01-19,1386.58,debit card
995,493,2022-05-23,1434.03,bank account
996,721,2022-04-23,2598.03,credit card
997,85,2022-07-03,427.47,credit card
998,335,2022-07-15,769.94,credit card
999,210,2022-06-01,1209.36,debit card
1000,799,2022-12-17,3397.08,credit card
1001,801,2023-01-25,3187.83,credit card
1002,600,2023-04-04,2335.89,mail
1003,163,2023-04-04,3097.92,phone
1004,483,2022-12-16,2200.72,phone
1005,794,2022-06-08,312.5,debit card
1006,87,2022-09-21,593.11,mail
1007,292,2023-01-28,835.56,mail
1008,260,2022-11-21,3795.31,debit card
1009,951,2023-02-03,1069.19,debit card
1010,779,2022-10-27,370.69,mail
1011,97,2023-03-01,3180.67,credit card
1012,460,2022-05-18,3240.42,mail
1013,31,2022-05-06,527.72,mail
1014,407,2023-01-26,1170.36,bank account
1015,105,2022-08-26,871.42,credit card
1016,670,2022-08-31,2775.53,bank account
1017,609,2022-12-25,1288.03,debit card
1018,347,2023-04-03,1172.08,credit card
1019,50,2023-04-01,481.47,phone
1020,382,2022-05-24,2442.86,debit card
1021,649,2022-11-06,4196.14,bank account
1022,905,2022-06-09,2096.36,credit card
1023,805,2022-12-21,2440.58,phone
1024,304,2022-08-18,524.86,phone
1025,430,2023-01-31,558.08,credit card
1026,269,2022-10-12,296.94,credit card
1027,644,2023-04-12,2819.89,debit card
1028,246,2022-10-06,581.11,debit card
1029,739,2022-08-22,3821.11,credit card
1030,953,2022-08-11,279.72,bank account
1031,28,2022-12-17,2318.86,phone
1032,643,2022-08-01,2939.58,bank account
1033,22,2023-03-15,1833.67,credit card
1034,539,2023-04-16,1852.81,debit card
1035,36,2022-11-24,281.11,debit card
1036,543,2023-04-12,3547.08,bank account
1037,598,2022-12-13,942.58,phone
1038,847,2022-05-07,1606.47,credit card
1039,294,2023-03-25,1202.92,phone
1040,13,2022-09-07,2253.67,credit card
1041,186,2022-07-04,742.81,phone
1042,421,2022-06-14,1135.25,debit card
1043,760,2022-12-28,4248.11,mail
1044,508,2023-01-18,815.75,credit card
1045,740,2022-09-14,1740.61,bank account
1046,15,2023-01-07,4123.64,bank account
1047,908,2022-04-23,1731.08,credit card
1048,427,2022-09-07,719.72,credit card
1049,737,2022-04-17,389.11,mail
1050,950,2022-12-27,2207.25,phone
1051,449,2022-12-23,1923.28,credit card
1052,805,2022-07-13,641.0,bank account
1053,726,2023-03-07,782.75,bank account
1054,285,2022-12-02,681.72,mail
1055,82,2022-12-12,291.56,debit card
1056,73,2022-06-02,3637.19,credit card
1057,356,2022-10-31,1819.61,credit card
1058,119,2023-02-27,574.97,debit card
1059,673,2022-11-19,1345.58,credit card
1060,698,2022-09-23,2817.78,debit card
1061,514,2022-12-25,571.64,bank account
1062,384,2022-09-27,2493.78,phone
1063,768,2023-04-04,433.47,credit card
1064,891,2022-11-28,1228.61,credit card
1065,8,2022-09-15,823.33,mail
1066,299,2022-12-03,1802.83,phone
1067,209,2022-07-22,566.06,bank account
1068,44,2022-11-23,2203.11,mail
1069,786,2022-08-08,2594.22,phone
1070,586,2023-03-26,3073.83,credit card
1071,599,2022-08-24,1347.19,phone
1072,433,2022-09-25,632.28,bank account
1073,696,2022-12-25,1576.69,debit card
1074,992,2023-01-10,3547.5,mail
1075,936,2022-11-22,2976.36,phone
1076,876,2022-06-18,305.78,mail
1077,274,2022-07-01,1039.67,debit card
1078,11,2022-09-24,882.72,mail
1079,606,2022-05-10,3183.17,bank account
1080,125,2022-09-13,518.92,phone
1081,700,2022-06-18,1163.83,phone
1082,297,2022-07-14,1300.81,mail
1083,317,2022-12-25,428.97,mail
1084,415,2022-10-22,1206.92,mail
1085,826,2022-11-08,1069.86,phone
1086,337,2022-09-16,3514.83,bank account
1087,606,2022-11-14,1036.03,bank account
1088,651,2023-02-01,1267.53,credit card
1089,781,2023-03-31,1563.94,credit card
1090,83,2022-04-27,790.94,mail
1091,416,2022-08-05,439.92,debit card
1092,317,2023-04-08,2908.78,phone
1093,931,2022-06-13,1949.94,credit card
1094,461,2022-05-21,2690.72,debit card
1095,661,2022-11-08,1233.22,credit card
1096,591,2022-07-07,692.81,phone
1097,723,2022-05-20,1107.86,phone
1098,796,2023-03-21,1781.03,debit card
1099,124,2022-08-27,575.58,credit card
1100,278,2022-10-01,2917.94,mail
1101,68,2022-07-02,4173.5,credit card
1102,803,2023-03-26,501.67,mail
1103,414,2022-12-14,3947.5,phone
1104,534,2022-08-15,2905.14,mail
1105,72,2022-11-26,388.22,phone
1106,929,2023-01-16,671.58,mail
1107,700,2022-05-31,937.92,credit card
1108,73,2022-10-15,3145.94,mail
1109,329,2022-11-03,452.69,phone
1110,636,2022-12-29,1855.86,mail
1111,195,2022-10-20,654.17,bank account
1112,447,2022-08-30,3432.22,mail
1113,742,2022-11-19,280.03,credit card
1114,706,2022-09-02,971.78,phone
1115,620,2022-12-20,1751.92,mail
1116,651,2022-07-09,3226.56,bank account
1117,215,2023-01-05,536.61,mail
1118,991,2022-07-30,1985.81,bank account
1119,752,2022-11-22,2196.89,bank account
1120,845,2022-10-11,3649.03,credit card
1121,607,2023-01-31,2586.06,mail
1122,393,2022-06-29,933.78,phone
1123,676,2022-10-14,2044.64,mail
1124,772,2022-09-02,897.53,mail
1125,888,2022-05-03,1436.72,bank account
1126,44,2022-07-21,503.94,phone
1127,949,2022-10-23,914.39,phone
1128,446,2022-06-04,1487.94,credit card
1129,852,2022-12-03,3664.31,phone
1130,528,2022-11-07,837.39,debit card
1131,134,2023-02-09,682.83,debit card
1132,395,2023-01-03,4085.33,credit card
1133,76,2023-02-28,1382.08,phone
1134,402,2022-11-19,507.36,credit card
1135,129,2023-04-11,2025.56,bank account
1136,925,2022-04-17,1462.64,bank account
1137,407,2022-07-14,2863.06,bank account
1138,340,2022-12-10,2737.06,debit card
1139,488,2023-02-04,345.58,mail
1140,629,2023-02-03,1208.89,mail
1141,786,2022-07-16,1423.19,debit card
1142,783,2022-07-15,3249.94,phone
1143,75,2022-07-19,1404.83,phone
1144,900,2022-09-10,1732.64,bank account
1145,619,2022-08-03,683.44,phone
1146,236,2023-01-23,980.67,credit card
1147,923,2022-11-30,908.39,mail
1148,111,2022-07-27,2815.06,debit card
1149,839,2023-01-08,3343.22,mail
1150,167,2022-12-16,2858.0,bank account
1151,82,2022-08-08,751.06,mail
1152,932,2022-10-27,2764.03,mail
1153,720,2023-02-18,1373.08,mail
1154,939,2022-04-29,1045.17,credit card
1155,543,2022-08-13,1451.22,credit card
1156,683,2023-03-12,1624.17,credit card
1157,206,2022-08-16,1455.47,debit card
1158,50,2022-09-24,349.61,mail
1159,696,2022-10-16,940.14,bank account
1160,924,2022-06-14,1165.72,bank account
1161,68,2023-03-13,810.28,debit card
1162,457,2022-06-08,308.86,bank account
1163,420,2022-05-14,3292.92,credit card
1164,529,2022-06-19,3517.69,mail
1165,713,2022-05-19,562.97,bank account
1166,993,2022-11-07,872.0,debit card
1167,14,2022-05-03,977.69,mail
1168,416,2022-08-16,2064.17,mail
1169,358,2023-03-31,2315.36,debit card
1170,721,2022-12-26,1653.08,debit card
1171,886,2022-12-15,876.89,debit card
1172,380,2022-10-13,531.75,debit card
1173,214,2023-04-09,1097.58,debit card
1174,12,2022-11-28,1688.69,bank account
1175,489,2022-06-20,1679.17,credit card
1176,550,2022-12-20,2185.81,debit card
1177,96,2022-04-25,1819.39,phone
1178,102,2022-09-01,432.56,mail
1179,377,2022-12-27,951.56,bank account
1180,639,2023-01-06,894.67,credit card
1181,144,2022-05-09,2097.11,bank account
1182,371,2022-09-19,2689.83,phone
1183,435,2023-04-04,1284.42,debit card
1184,715,2023-04-13,694.22,mail
1185,837,2022-11-21,287.81,mail
1186,62,2022-09-27,2503.03,bank account
1187,616,2022-08-18,1393.69,bank account
1188,687,2022-09-01,4349.33,credit card
1189,544,2022-11-07,2100.97,phone
1190,205,2023-01-25,452.08,bank account
1191,364,2022-08-20,1260.39,debit card
1192,877,2023-02-19,2181.31,debit card
1193,192,2023-02-17,764.72,debit card
1194,823,2022-05-04,379.0,debit card
1195,597,2022-07-27,3908.58,mail
1196,256,2023-02-05,4655.44,phone
1197,823,2022-10-23,613.72,mail
1198,678,2022-07-01,338.19,credit card
1199,513,2022-09-27,732.72,credit card
1200,604,2022-05-02,1242.64,phone
1201,715,2022-10-10,1640.72,phone
1202,223,2022-12-27,669.64,mail
1203,371,2023-03-02,3268.06,mail
1204,606,2022-09-23,463.14,phone
1205,465,2022-05-10,319.72,mail
1206,292,2022-12-16,478.97,credit card
1207,913,2022-12-20,1023.11,mail
1208,61,2023-02-01,294.53,bank account
1209,108,2022-06-28,534.67,debit card
1210,83,2023-04-03,725.47,credit card
1211,91,2022-10-08,517.0,credit card
1212,412,2022-04-20,630.44,bank account
1213,827,2023-01-01,536.36,bank account
1214,553,2023-04-16,1662.86,phone
1215,94,2022-10-02,359.36,credit card
1216,488,2022-12-17,1923.22,mail
1217,218,2022-09-01,1949.42,bank account
1218,336,2022-06-20,1363.78,debit card
1219,889,2022-04-22,949.22,phone
1220,888,2023-01-11,2101.14,credit card
1221,316,2022-08-31,1752.64,bank account
1222,280,2023-01-30,3167.75,mail
1223,190,2022-07-08,3753.72,debit card
1224,697,2022-11-03,864.19,credit card
1225,508,2023-01-17,1703.11,bank account
1226,517,2022-12-14,881.69,phone
1227,30,2022-10-04,466.22,bank account
1228,871,2022-06-14,1673.89,mail
1229,724,2023-04-14,286.0,credit card
1230,10,2023-02-10,2217.44,debit card
1231,338,2022-10-07,776.83,credit card
1232,7,2023-03-05,427.17,credit card
1233,693,2023-04-02,1418.83,debit card
1234,689,2022-11-16,668.03,debit card
1235,903,2023-04-15,2890.61,credit card
1236,875,2022-06-29,1396.28,credit card
1237,460,2022-06-12,744.75,mail
1238,704,2022-08-22,694.56,debit card
1239,392,2023-03-04,623.47,mail
1240,354,2022-06-11,2075.5,mail
1241,376,2022-08-29,2241.97,mail
1242,924,2022-08-08,988.5,bank account
1243,122,2023-01-28,4134.97,bank account
1244,706,2022-05-02,930.19,credit card
1245,884,2023-03-01,464.58,phone
1246,508,2023-02-25,650.97,mail
1247,419,2022-06-22,2671.11,phone
1248,188,2023-01-07,3806.44,bank account
1249,763,2022-05-29,2522.14,phone
1250,684,2022-06-03,785.17,mail
1251,114,2023-03-09,661.17,mail
1252,823,2022-08-11,277.83,debit card
1253,206,2022-07-14,953.72,bank account
1254,741,2022-05-29,1737.64,debit card
1255,295,2022-09-10,1518.0,phone
1256,943,2023-02-27,1330.5,credit card
1257,832,2022-06-01,1451.14,bank account
1258,891,2022-12-24,412.89,mail
1259,261,2022-08-18,2076.78,phone
1260,725,2023-01-05,991.69,mail
1261,433,2022-08-07,2037.17,phone
1262,71,2023-02-08,2163.31,debit card
1263,228,2022-12-02,1019.44,phone
1264,451,2023-04-01,375.53,phone
1265,741,2022-06-22,1747.89,mail
1266,934,2022-11-20,4102.28,mail
1267,173,2023-03-20,2711.33,debit card
1268,735,2023-04-06,728.86,mail
1269,924,2023-02-07,994.06,mail
1270,405,2022-07-04,1604.36,phone
1271,351,2023-02-13,3554.31,mail
1272,780,2022-11-11,2198.78,debit card
1273,525,2022-04-22,1393.22,credit card
1274,62,2022-05-26,2056.06,mail
1275,54,2023-01-08,3329.33,mail
1276,781,2022-10-03,907.56,mail
1277,543,2022-12-07,3318.92,phone
1278,380,2022-05-30,2677.61,bank account
1279,129,2022-09-07,815.78,credit card
1280,806,2022-12-30,2001.53,phone
1281,278,2022-10-23,781.69,credit card
1282,930,2022-09-13,1532.92,credit card
1283,25,2022-05-30,1435.83,mail
1284,382,2022-11-14,552.92,debit card
1285,381,2022-12-22,1732.03,credit card
1286,999,2022-08-24,586.53,phone
1287,893,2022-06-09,310.11,mail
1288,346,2023-02-21,1235.08,debit card
1289,960,2023-02-19,1098.67,mail
1290,398,2022-10-23,448.03,bank account
1291,873,2022-05-02,690.97,phone
1292,67,2022-08-01,1430.28,phone
1293,235,2022-09-10,3182.61,credit card
1294,203,2022-11-20,2252.42,bank account
1295,451,2023-03-18,561.0,phone
1296,790,2023-03-26,2362.39,phone
1297,35,2022-12-13,1935.5,mail
1298,156,2023-04-05,3582.97,phone
1299,784,2022-12-07,2211.86,credit card
1300,905,2023-03-10,848.06,debit card
1301,840,2022-09-01,516.75,debit card
1302,312,2022-06-30,3554.28,bank account
1303,72,2022-11-20,395.53,credit card
1304,508,2022-09-10,429.58,phone
1305,628,2022-04-19,1579.03,phone
1306,921,2023-04-13,1890.64,mail
1307,827,2022-10-13,386.06,phone
1308,258,2023-01-23,960.78,credit card
1309,687,2022-12-20,704.78,phone
1310,605,2022-05-30,362.11,debit card
1311,950,2023-03-09,483.92,mail
1312,365,2022-04-18,810.5,mail
1313,457,2022-12-19,788.67,mail
1314,980,2022-09-17,1265.75,mail
1315,118,2023-01-01,1424.31,phone
1316,313,2022-10-07,989.19,mail
1317,262,2022-05-27,320.31,debit card
1318,597,2022-05-06,389.72,phone
1319,663,2022-10-25,992.58,mail
1320,272,2022-10-02,344.39,debit card
1321,901,2022-05-03,3240.42,bank account
1322,440,2022-05-08,2260.47,bank account
1323,141,2022-12-17,1844.69,phone
1324,415,2022-04-30,730.58,phone
1325,983,2022-07-19,3940.61,mail
1326,80,2022-12-30,4053.92,credit card
1327,201,2023-01-01,1605.94,credit card
1328,367,2023-02-17,390.53,phone
1329,40,2022-11-17,1601.81,bank account
1330,333,2022-10-23,575.89,credit card
1331,314,2022-12-25,2481.94,mail
1332,672,2022-09-09,287.89,bank account
1333,708,2022-09-12,1365.14,debit card
1334,133,2022-05-12,1560.78,bank account
1335,502,2022-10-17,1142.78,phone
1336,924,2022-11-02,1237.03,phone
1337,56,2022-06-10,4182.42,credit card
1338,839,2022-08-08,1751.64,mail
1339,564,2022-06-09,1978.03,phone
1340,118,2022-11-26,1152.31,phone
1341,552,2022-08-18,2162.39,phone
1342,310,2022-12-15,1190.36,phone
1343,814,2022-05-29,283.83,bank account
1344,13,2022-08-15,1464.42,mail
1345,43,2023-03-11,555.89,debit card
1346,294,2022-07-19,4024.97,debit card
1347,786,2022-06-14,662.08,bank account
1348,429,2022-11-21,982.53,mail
1349,40,2022-07-18,473.19,phone
1350,641,2022-07-27,342.25,phone
1351,79,2023-02-26,429.86,mail
1352,442,2023-04-15,648.72,debit card
1353,171,2022-08-03,2279.03,credit card
1354,956,2022-05-12,2262.25,mail
1355,346,2023-01-07,694.17,credit card
1356,513,2023-01-12,1184.89,credit card
1357,227,2022-12-22,2281.39,credit card
1358,632,2022-08-19,366.67,mail
1359,751,2022-06-20,2439.22,mail
1360,69,2022-06-02,816.86,mail
1361,876,2022-10-23,388.56,bank account
1362,837,2022-10-13,537.69,credit card
1363,782,2022-08-05,1661.44,credit card
1364,691,2022-12-08,1347.89,phone
1365,127,2022-11-18,924.22,debit card
1366,917,2023-01-24,1201.17,phone
1367,453,2022-06-04,1871.06,credit card
1368,678,2022-11-12,1075.81,credit card
1369,961,2023-03-05,3069.64,phone
1370,74,2022-06-21,760.36,mail
1371,231,2023-02-25,288.58,phone
1372,213,2022-07-28,1247.28,phone
1373,729,2022-04-21,292.11,mail
1374,75,2022-10-19,468.22,debit card
1375,943,2022-08-14,562.5,debit card
1376,370,2022-06-24,2424.47,bank account
1377,528,2022-05-09,295.56,credit card
1378,709,2022-11-21,3174.72,phone
1379,183,2022-10-12,1974.86,mail
1380,110,2022-05-10,1528.81,mail
1381,650,2023-01-14,873.33,phone
1382,384,2023-03-13,1489.14,credit card
1383,122,2022-10-20,1774.39,bank account
1384,61,2022-07-25,2287.5,bank account
1385,439,2022-07-06,2083.72,credit card
1386,759,2022-07-24,3028.28,bank account
1387,849,2022-05-22,2514.03,phone
1388,885,2022-07-31,2641.83,mail
1389,861,2023-03-23,1232.11,debit card
1390,170,2022-09-05,4826.22,phone
1391,707,2022-09-23,2795.78,credit card
1392,224,2022-05-29,2196.14,credit card
1393,625,2023-01-11,3450.67,phone
1394,271,2022-10-22,735.97,credit card
1395,472,2022-06-20,950.33,mail
1396,321,2022-06-04,3862.44,credit card
1397,414,2022-06-05,2181.86,debit card
1398,404,2022-12-17,2418.53,debit card
1399,107,2022-11-14,1507.22,bank account
1400,300,2022-09-06,2136.78,credit card
1401,423,2023-01-16,2492.19,bank account
1402,982,2022-07-14,4106.36,credit card
1403,367,2022-10-03,1341.03,credit card
1404,750,2022-10-04,615.64,debit card
1405,935,2022-08-20,555.89,credit card
1406,954,2022-08-15,1699.97,mail
1407,125,2022-10-15,890.25,credit card
1408,494,2023-01-23,813.14,debit card
1409,563,2022-04-16,595.5,mail
1410,900,2022-06-22,1066.86,bank account
1411,310,2022-07-19,281.89,credit card
1412,311,2022-09-19,967.83,bank account
1413,776,2023-02-04,677.44,mail
1414,112,2023-01-29,404.36,mail
1415,701,2023-03-28,2836.61,bank account
1416,389,2023-01-27,2306.39,phone
1417,817,2022-08-04,4309.06,mail
1418,338,2022-06-07,2436.94,mail
1419,992,2022-08-08,739.56,debit card
1420,929,2022-05-20,2548.28,debit card
1421,888,2022-04-19,1149.03,debit card
1422,974,2023-01-27,1066.19,debit card
1423,727,2022-09-01,3517.22,credit card
1424,479,2022-09-09,3152.06,credit card
1425,897,2022-11-11,392.56,mail
1426,389,2022-07-27,1882.17,phone
1427,407,2023-02-13,429.36,mail
1428,744,2022-06-27,2994.47,mail
1429,612,2022-09-12,944.19,mail
1430,82,2023-01-05,1062.75,mail
1431,684,2022-12-09,1676.94,mail
1432,409,2023-03-06,2982.19,debit card
1433,261,2023-03-17,430.97,credit card
1434,998,2022-05-15,515.33,mail
1435,200,2022-06-14,4022.14,mail
1436,120,2022-08-23,1303.53,credit card
1437,626,2023-01-26,4087.33,mail
1438,431,2022-08-18,968.61,debit card
1439,513,2022-07-09,1055.19,credit card
1440,951,2023-02-16,989.42,mail
1441,612,2022-09-05,800.92,mail
1442,127,2022-11-29,421.72,credit card
1443,473,2022-08-17,1816.0,mail
1444,749,2022-04-26,407.22,debit card
1445,431,2022-12-17,2147.61,phone
1446,768,2023-04-04,1088.64,bank account
1447,139,2022-06-23,411.14,phone
1448,296,2022-08-13,949.78,phone
1449,850,2022-06-10,823.81,mail
1450,471,2022-06-01,1398.42,credit card
1451,459,2022-05-23,932.83,mail
1452,759,2022-09-17,625.64,phone
1453,636,2022-08-12,474.39,phone
1454,100,2023-02-09,740.67,mail
1455,767,2022-09-06,3205.25,phone
1456,119,2022-10-29,3171.56,phone
1457,269,2022-09-21,798.33,phone
1458,931,2023-03-03,297.19,bank account
1459,434,2023-02-09,341.06,mail
1460,630,2022-04-26,493.22,mail
1461,182,2023-03-12,781.56,mail
1462,792,2022-08-24,549.33,mail
1463,122,2022-10-19,4543.92,bank account
1464,71,2023-02-08,1003.78,bank account
1465,496,2023-03-19,2185.39,mail
1466,491,2022-09-03,1431.75,mail
1467,886,2023-03-05,1919.69,credit card
1468,360,2022-05-15,284.06,bank account
1469,978,2022-12-29,529.61,mail
1470,26,2023-04-11,740.28,mail
1471,309,2022-09-22,587.42,bank account
1472,603,2022-06-11,1282.86,credit card
1473,35,2022-09-28,310.75,mail
1474,785,2022-12-24,2272.36,mail
1475,497,2022-12-20,1553.39,bank account
1476,758,2023-02-15,921.0,debit card
1477,886,2022-06-20,2146.72,phone
1478,532,2022-05-06,1330.97,mail
1479,182,2022-05-02,4002.0,bank account
1480,125,2022-10-30,319.06,bank account
1481,403,2022-12-20,1083.11,bank account
1482,682,2023-04-08,2444.89,mail
1483,562,2022-04-19,441.11,mail
1484,471,2023-01-27,2979.17,mail
1485,249,2022-10-06,2441.42,debit card
1486,878,2023-03-02,533.56,phone
1487,776,2022-09-02,1472.06,credit card
1488,153,2022-09-08,889.31,mail
1489,105,2022-07-28,799.56,mail
1490,701,2022-05-18,839.22,phone
1491,465,2022-06-29,2416.81,bank account
1492,162,2022-11-05,646.22,bank account
1493,734,2023-03-27,558.33,credit card
1494,347,2022-07-13,1119.28,debit card
1495,803,2022-09-11,2790.0,credit card
1496,192,2023-02-11,2506.47,debit card
1497,999,2022-11-21,1324.61,bank account
1498,966,2023-01-26,1375.81,debit card
1499,20,2023-03-30,1231.25,debit card
1500,560,2022-04-21,361.11,mail
